cnt,qname,start_date,end_date,start_date_prior,end_date_prior
9,20231,12/27/2022,3/20/2023,12/28/2021,3/21/2022
8,20232,3/22/2023,6/12/2023,3/23/2022,6/13/2022
7,20233,6/14/2023,9/4/2023,6/15/2022,9/5/2022
6,20234,9/6/2023,12/24/2023,9/7/2022,12/25/2022
5,20241,12/25/2023,3/18/2024,12/26/2022,3/20/2023
4,20242,3/19/2024,6/10/2024,3/21/2023,6/12/2023
3,20243,6/11/2024,9/2/2024,6/13/2023,9/4/2023
2,20244,9/3/2024,12/30/2024,9/5/2023,1/1/2024
1,20251,12/31/2024,3/24/2025,1/2/2024,3/25/2024
0,20252,3/25/2025,6/16/2025,3/26/2024,6/17/2024
